Project,SHA Detected,Module Path,Fully-Qualified Test Name (packageName.ClassName.methodName),Category
openhtmltopdf,4a0612fab7b3a55e3e11d485233b063006d03b0f,openhtmltopdf-slf4j,com.openhtmltopdf.slf4j.Slf4JLoggerTest.testLogger,OD
openhtmltopdf,4a0612fab7b3a55e3e11d485233b063006d03b0f,openhtmltopdf-examples,com.openhtmltopdf.nonvisualregressiontests.NonVisualRegressionTest.testBookmarkHeadAfterOverflowPage,OD
openhtmltopdf,4a0612fab7b3a55e3e11d485233b063006d03b0f,openhtmltopdf-examples,com.openhtmltopdf.nonvisualregressiontests.NonVisualRegressionTest.testMetaInformation,OD
openhtmltopdf,4a0612fab7b3a55e3e11d485233b063006d03b0f,openhtmltopdf-examples,com.openhtmltopdf.nonvisualregressiontests.NonVisualRegressionTest.testLinkAreaMultipleBoxes,OD
openhtmltopdf,4a0612fab7b3a55e3e11d485233b063006d03b0f,openhtmltopdf-examples,com.openhtmltopdf.nonvisualregressiontests.NonVisualRegressionTest.testLinkAreaMultipleLine,OD
openhtmltopdf,4a0612fab7b3a55e3e11d485233b063006d03b0f,openhtmltopdf-examples,com.openhtmltopdf.nonvisualregressiontests.NonVisualRegressionTest.testLinkAfterOverflowTarget,OD
openhtmltopdf,4a0612fab7b3a55e3e11d485233b063006d03b0f,openhtmltopdf-examples,com.openhtmltopdf.nonvisualregressiontests.NonVisualRegressionTest.testLinkTransformTarget,OD
openhtmltopdf,4a0612fab7b3a55e3e11d485233b063006d03b0f,openhtmltopdf-examples,com.openhtmltopdf.nonvisualregressiontests.NonVisualRegressionTest.testPr489DiagnosticConsumer,OD
openhtmltopdf,4a0612fab7b3a55e3e11d485233b063006d03b0f,openhtmltopdf-examples,com.openhtmltopdf.nonvisualregressiontests.NonVisualRegressionTest.testLinkAreaTransformRotate,OD
openhtmltopdf,4a0612fab7b3a55e3e11d485233b063006d03b0f,openhtmltopdf-examples,com.openhtmltopdf.nonvisualregressiontests.NonVisualRegressionTest.testLinkAreaAfterOverflowPage,OD
openhtmltopdf,4a0612fab7b3a55e3e11d485233b063006d03b0f,openhtmltopdf-examples,com.openhtmltopdf.nonvisualregressiontests.NonVisualRegressionTest.testLinkOnOverflowTarget,OD
openhtmltopdf,4a0612fab7b3a55e3e11d485233b063006d03b0f,openhtmltopdf-examples,com.openhtmltopdf.nonvisualregressiontests.NonVisualRegressionTest.testLinkSimpleBlock,OD
openhtmltopdf,4a0612fab7b3a55e3e11d485233b063006d03b0f,openhtmltopdf-examples,com.openhtmltopdf.nonvisualregressiontests.NonVisualRegressionTest.testBookmarkHeadNested,OD
openhtmltopdf,4a0612fab7b3a55e3e11d485233b063006d03b0f,openhtmltopdf-examples,com.openhtmltopdf.nonvisualregressiontests.NonVisualRegressionTest.testBookmarkHeadSimple,OD
openhtmltopdf,4a0612fab7b3a55e3e11d485233b063006d03b0f,openhtmltopdf-examples,com.openhtmltopdf.nonvisualregressiontests.NonVisualRegressionTest.testIssue458PageContentRepeatedInMargin,OD
openhtmltopdf,4a0612fab7b3a55e3e11d485233b063006d03b0f,openhtmltopdf-examples,com.openhtmltopdf.nonvisualregressiontests.NonVisualRegressionTest.testLinkAreaTransformNested,OD
openhtmltopdf,4a0612fab7b3a55e3e11d485233b063006d03b0f,openhtmltopdf-examples,com.openhtmltopdf.nonvisualregressiontests.NonVisualRegressionTest.testLinkAreaOverflowPage,OD
openhtmltopdf,4a0612fab7b3a55e3e11d485233b063006d03b0f,openhtmltopdf-examples,com.openhtmltopdf.nonvisualregressiontests.NonVisualRegressionTest.testFormControlText,OD
openhtmltopdf,4a0612fab7b3a55e3e11d485233b063006d03b0f,openhtmltopdf-examples,com.openhtmltopdf.nonvisualregressiontests.NonVisualRegressionTest.testPr492InfiniteLoopBugsInLineBreakingFuzz,OD
openhtmltopdf,4a0612fab7b3a55e3e11d485233b063006d03b0f,openhtmltopdf-examples,com.openhtmltopdf.nonvisualregressiontests.NonVisualRegressionTest.testFormControlOverflowPage,OD
openhtmltopdf,4a0612fab7b3a55e3e11d485233b063006d03b0f,openhtmltopdf-examples,com.openhtmltopdf.nonvisualregressiontests.NonVisualRegressionTest.testInputWithoutNameAttribute,OD
openhtmltopdf,4a0612fab7b3a55e3e11d485233b063006d03b0f,openhtmltopdf-examples,com.openhtmltopdf.nonvisualregressiontests.NonVisualRegressionTest.testLinkAreaPageMarginTransform,OD
openhtmltopdf,4a0612fab7b3a55e3e11d485233b063006d03b0f,openhtmltopdf-examples,com.openhtmltopdf.nonvisualregressiontests.NonVisualRegressionTest.testBookmarkHeadTransform,OD
openhtmltopdf,4a0612fab7b3a55e3e11d485233b063006d03b0f,openhtmltopdf-examples,com.openhtmltopdf.nonvisualregressiontests.NonVisualRegressionTest.testLinkAreaTransformTranslateY,OD
openhtmltopdf,4a0612fab7b3a55e3e11d485233b063006d03b0f,openhtmltopdf-examples,com.openhtmltopdf.nonvisualregressiontests.NonVisualRegressionTest.testBookmarkBodySimple,OD
openhtmltopdf,4a0612fab7b3a55e3e11d485233b063006d03b0f,openhtmltopdf-examples,com.openhtmltopdf.nonvisualregressiontests.NonVisualRegressionTest.testLinkAreaMultiplePage,OD
openhtmltopdf,4a0612fab7b3a55e3e11d485233b063006d03b0f,openhtmltopdf-examples,com.openhtmltopdf.nonvisualregressiontests.NonVisualRegressionTest.testLinkInlineTarget,OD
openhtmltopdf,4a0612fab7b3a55e3e11d485233b063006d03b0f,openhtmltopdf-examples,com.openhtmltopdf.nonvisualregressiontests.NonVisualRegressionTest.testFormControlAfterOverflowPage,OD
openhtmltopdf,4a0612fab7b3a55e3e11d485233b063006d03b0f,openhtmltopdf-examples,com.openhtmltopdf.nonvisualregressiontests.NonVisualRegressionTest.testLinkAreaPageMargin,OD
openhtmltopdf,4a0612fab7b3a55e3e11d485233b063006d03b0f,openhtmltopdf-examples,com.openhtmltopdf.nonvisualregressiontests.NonVisualRegressionTest.testPR480LinkShapes,OD
openhtmltopdf,4a0612fab7b3a55e3e11d485233b063006d03b0f,openhtmltopdf-examples,com.openhtmltopdf.nonvisualregressiontests.NonVisualRegressionTest.testBookmarkHeadOnOverflowPage,OD
openhtmltopdf,4a0612fab7b3a55e3e11d485233b063006d03b0f,openhtmltopdf-examples,com.openhtmltopdf.nonvisualregressiontests.NonVisualRegressionTest.testLinkExternalUrl,OD
openhtmltopdf,4a0612fab7b3a55e3e11d485233b063006d03b0f,openhtmltopdf-examples,com.openhtmltopdf.testcases.ConcateOutputTest.testConcateOutput,OD
openhtmltopdf,4a0612fab7b3a55e3e11d485233b063006d03b0f,openhtmltopdf-examples,com.openhtmltopdf.testcases.TestcaseRunnerTest.runTestcaseRunner,OD
openhtmltopdf,4a0612fab7b3a55e3e11d485233b063006d03b0f,openhtmltopdf-examples,com.openhtmltopdf.freemarker.FreeMarkerGeneratorTest.testFreeMarkerGenerator,OD